Date,AAPL,GOOGL,MSFT
2020-01-03,-0.009721918098977822,-0.0052312615259981765,-0.012451691562851197
2020-01-06,0.007968209802083681,0.0266539765490319,0.0025846824109783118
2020-01-07,-0.004703062608975683,-0.0019315354588120837,-0.009117852701512219
2020-01-08,0.01608622804576476,0.007117652430812305,0.015928564914653665
2020-01-09,0.021240987186268434,0.010497960772811288,0.012493313804032846
2020-01-10,0.002260337003840762,0.00645874903433552,-0.004627541306555627
2020-01-13,0.02136440511447546,0.007746876083994492,0.012024391785625976
2020-01-14,-0.013503012390180813,-0.006555459923453633,-0.0070430567073656025
2020-01-15,-0.004285493571003718,0.006018602270476681,0.00647640948520678
2020-01-16,0.012526178443689417,0.0076153744786842115,0.018323342324343406
2020-01-17,0.011071275232929834,0.02024581148757587,0.005596612192551476
2020-01-21,-0.006776842720754628,0.0018453799956372752,-0.003590541991615348
2020-01-22,0.003569169621314705,0.0010929003575044227,-0.0048049926070758975
2020-01-23,0.004815798747997535,0.0005524662654097234,0.006155995489867339
2020-01-24,-0.002881494468004453,-0.012473866055829896,-0.010077273736182057
2020-01-27,-0.029405492739806194,-0.023489664091874363,-0.016723002438520984
2020-01-28,0.028289221503259965,0.013109930339875175,0.019595764043900177
2020-01-29,0.020932336847300892,0.004274283921618993,0.01559292271706103
2020-01-30,-0.0014491391977141665,-0.001681892105463656,0.028207599040369624
2020-01-31,-0.04433854003180959,-0.014763488980334083,-0.014758751322635821
2020-02-03,-0.0027460575375976015,0.03477136738486508,0.02437897106339393
2020-02-04,0.03301320932671459,-0.02508424392050823,0.032916570568678916
2020-02-05,0.008154592630119861,0.00044263811040945455,-0.0012215911284351177
2020-02-06,0.011696848355456257,0.02069109418740278,0.020733893793373426
2020-02-07,-0.013592926926026427,0.0021271662754709375,0.0014157785842074944
2020-02-10,0.004749673073175087,0.019978398257763486,0.02615696053941896
2020-02-11,-0.006033243260313514,0.0009279368754959716,-0.022575478337536703
2020-02-12,0.023747994597832722,0.005675361753800345,0.00146390157894416
2020-02-13,-0.007121349067936933,-0.0034504314831352856,-0.005413996340186911
2020-02-14,0.0002463806908761246,0.00352832920725743,0.008927251488447974
2020-02-18,-0.018310593075873127,0.00046760535682710547,0.010142926345934278
2020-02-19,0.014482964085438255,0.0035736120594676013,0.0029990908301569252
2020-02-20,-0.010259335579594908,-0.005167589213456836,-0.015271265918971322
2020-02-21,-0.022634732842859107,-0.022103017239680334,-0.03161263018424698
2020-02-24,-0.04750066983823853,-0.042872775468222435,-0.04311521402066787
2020-02-25,-0.033871839440509754,-0.023621956268266242,-0.016501964808358305
2020-02-26,0.015863592572690433,0.00299342291888971,0.012494574586909835
2020-02-27,-0.06536838084139462,-0.054312585067917585,-0.07045898969020781
2020-02-28,-0.0005848115206950055,0.018479940480264467,0.02421306481169161
2020-03-02,0.0931008558678279,0.0351465178548227,0.06653912349046776
2020-03-03,-0.03175962739186189,-0.03505690069305367,-0.04791938119351502
2020-03-04,0.04638506143556986,0.03280212287054218,0.03671487950472785
2020-03-05,-0.0324373019470523,-0.04837876500701166,-0.02509519286878592
2020-03-06,-0.013280100595406963,-0.01446647694594727,-0.028267332281182278
2020-03-09,-0.07909207165993604,-0.061702228612781185,-0.0677723082976599
2020-03-10,0.07202157598776071,0.048840724557476456,0.06838405421987748
2020-03-11,-0.03473077326498175,-0.05040115712157589,-0.04530208107239819
2020-03-12,-0.09875457025871048,-0.08204640317528733,-0.09483821943790693
2020-03-13,0.11980857174266224,0.0924115502472278,0.14216866585931665
2020-03-16,-0.12864704190520715,-0.11634152885583604,-0.14739015544166256
2020-03-17,0.04397014194246118,0.04199446657044681,0.08233669050384873
2020-03-18,-0.024480052974737654,-0.024032652385099218,-0.04209612705276866
2020-03-19,-0.007662132318079773,0.018768415344440736,0.01645281623790229
2020-03-20,-0.06348533800544065,-0.03909430371236178,-0.03755891042933823
2020-03-23,-0.0212443092477822,-0.013180981873781694,-0.009974214004150661
2020-03-24,0.10032540939595802,0.07198353568298921,0.09089599272214
2020-03-25,-0.0055088818550785845,-0.02512368399201348,-0.009573124881989581
2020-03-26,0.05262335021233788,0.05564537336307307,0.06255132244820016
2020-03-27,-0.04140247678658815,-0.045282568378925414,-0.0410607748933699
2020-03-30,0.028537912461569892,0.032469785420402575,0.07034074707013827
2020-03-31,-0.0020407511118919475,0.013643766624121145,-0.01572751444482856
2020-04-01,-0.05261700671571656,-0.05150822602466654,-0.035508099335951004
2020-04-02,0.016686942754226664,0.013546979802750325,0.02070854481487272
2020-04-03,-0.014371622876560575,-0.021781054225753826,-0.009210006317633135
2020-04-06,0.08723761771260152,0.08281328957606471,0.07436754297306636
2020-04-07,-0.011582440670669825,-0.00053257254503003,-0.010770273393386098
2020-04-08,0.025594398586195277,0.020667111491500467,0.010031131062778531
2020-04-09,0.0072161267293264775,-0.0003563645204474053,6.062625180414116e-05
2020-04-13,0.01962791714734924,0.0031826926174225445,0.0022403324125073176
2020-04-14,0.050502936553035394,0.0452904529482292,0.04948323530672383
2020-04-15,-0.009127104035909106,-0.006267663513123356,-0.010477381024599608
2020-04-16,0.007945489860975652,0.00010334566185088434,0.030020842190707997
2020-04-17,-0.013568689909460918,0.017154033868512997,0.008811632987143492
2020-04-20,-0.020756560476713704,-0.013956259944579164,-0.019820825938707265
2020-04-21,-0.030910211907377527,-0.03884541764910043,-0.04135735734860657
2020-04-22,0.028803148108318855,0.038154995201558295,0.03396495509006492
2020-04-23,-0.003875178996308959,0.01013971462037544,-0.012102324597736747
2020-04-24,0.02886959034533798,0.004271809788315872,0.018259446398761092
2020-04-27,0.0007067126031710114,-0.004496357570857201,-0.002864888832468049
2020-04-28,-0.016209271014681503,-0.03011348004485659,-0.024360566164649988
2020-04-29,0.03284513334607042,0.08891032619021755,0.04487376931832854
2020-04-30,0.02109604230134754,0.003367618748227219,0.010032141594803257
2020-05-01,-0.016099298536143336,-0.021816338328852658,-0.025891617745758322
2020-05-04,0.014148664128799782,0.004235863395122275,0.0244600422054555
2020-05-05,0.015008971624101974,0.019744558268733448,0.01073612577429639
2020-05-06,0.01031736791269311,-0.0026611371687500496,0.009846974375907092
2020-05-07,0.010344816407560797,0.01772648825616452,0.005807170601618061
2020-05-08,0.023801711744254828,0.010998640355802891,0.005882262539042893
2020-05-11,0.01573561004706092,0.01390548619695875,0.011154506628189065
2020-05-12,-0.011428175578659605,-0.0202408616771228,-0.02265185880514642
2020-05-13,-0.012074470730682352,-0.019524729201648605,-0.015122470136803123
2020-05-14,0.006143583734417923,0.006326433843470314,0.004339525404151612
2020-05-15,-0.00591220134363335,0.011939199596113337,0.014567858892526653
2020-05-18,0.023561214212169723,0.008827034585579208,0.009554845558529923
2020-05-19,-0.00577820857317124,-0.007782310045877483,-0.006922201807274653
2020-05-20,0.019447795314442518,0.025290900349270062,0.013870413456803066
2020-05-21,-0.007455442072976104,-0.0017101274185279403,-0.012011139819288363
2020-05-22,0.006438492977435484,0.0046135268069764646,0.0004361033610031928
2020-05-26,-0.006773280534059789,0.005752710995025723,-0.01057158952668158
2020-05-27,0.004356878573131828,-0.0007669267529939461,0.001321712373989259
2020-05-28,0.00043997764629710723,-0.0014363656343963083,-0.002255207231702472
2020-05-29,-0.0009741455389986609,0.010773860281208858,0.010198625851831844
2020-06-01,0.01229795713169679,0.0009417098198998275,-0.002292138629016227
2020-06-02,0.0046295980596291475,0.0051851627860310945,0.011376856783230194
2020-06-03,0.005505015234498423,-0.002121639833381317,0.002433619245838514
2020-06-04,-0.008612331296922293,-0.017335281905390687,-0.013163516768591066
2020-06-05,0.028481036053229936,0.018185722738218724,0.023398144417557054
2020-06-08,0.005912587453594131,0.005569283541787096,0.006196660274405907
2020-06-09,0.03157805661202295,0.002789918600021979,0.0076448255618268846
2020-06-10,0.025727254498058683,0.008690992675590037,0.03709178022838788
2020-06-11,-0.04801031912806353,-0.04287549237793564,-0.05369849711240349
2020-06-12,0.008633602940325336,0.007860646645253988,0.007891733833612191
2020-06-15,0.012366892911045424,0.005534605089840161,0.006391967393489351
2020-06-16,0.026502577539635697,0.01811030470747932,0.024505027406883206
2020-06-17,-0.0013918786773359226,0.004196415700706391,0.0034612860501697096
2020-06-18,0.0003982593942086776,-0.01268113781287894,0.010708476336585004
2020-06-19,-0.005714521044835497,-0.006610377307760151,-0.005959890964628456
2020-06-22,0.026163521471279427,0.018264124692642048,0.027773781654388596
2020-06-23,0.021344859002123684,0.009182071756264731,0.006680890636409753
2020-06-24,-0.017651897928034566,-0.021366393096768133,-0.02015751173409508
2020-06-25,0.013275664416714017,0.005863023889778329,0.012636479498876696
2020-06-26,-0.03072590651302698,-0.05451380473801992,-0.0200160098242681
2020-06-29,0.02304638331009068,0.025415733942879104,0.010747193424461399
2020-06-30,0.008347748466045024,0.014944488185736127,0.025549352413968718
2020-07-01,-0.0018914282212573186,0.016889511459098783,0.005847362558741409
2020-07-02,0.0,0.01936870662431045,0.007620767248927907
2020-07-06,0.026750184877168293,0.02021873283897402,0.021526431456283968
2020-07-07,-0.003102877957464667,-0.006488169005848032,-0.011628003481527593
2020-07-08,0.02329026108099508,0.009181736055779322,0.02199287242930925
2020-07-09,0.004300447802656038,0.01001600268213676,0.007000854052356731
2020-07-10,0.0017489464163420454,0.013399951985465508,-0.0030328598136802887
2020-07-13,-0.004613030776174254,-0.017400763991864965,-0.030888839238981447
2020-07-14,0.016548284026389082,0.005706655771162028,0.006181669691093905
2020-07-15,0.006877577648038091,-0.0026169185665427808,-0.0014878537343641085
2020-07-16,-0.012305041245798232,-0.0012920313212730905,-0.019804033537442423
2020-07-17,-0.0020203572164367856,0.0012739678613573613,-0.005099996811527507
2020-07-20,0.02107405804082907,0.030978635730348092,0.04298106282232794
2020-07-21,-0.01380174868796602,-0.005064501859604942,-0.013468924872836019
2020-07-22,0.002809356256934903,0.005739450657929135,0.014371478924455783
2020-07-23,-0.045516450127531805,-0.030737843850902835,-0.04349473821400329
2020-07-24,-0.0024771652422530543,-0.005630314746724263,-0.006122292642480098
2020-07-27,0.023700263946567768,0.014069486412511711,0.012667727529387607
2020-07-28,-0.016427761871735558,-0.016855863704753338,-0.008977188512848344
2020-07-29,0.01916839721818442,0.01320784074771053,0.010098015870705135
2020-07-30,0.01210034718281805,0.00975388164215496,-0.0007841843738526366
2020-07-31,0.10468840566305948,-0.03277502217235562,0.005443778715147118
2020-08-03,0.025197747197828413,-0.0034879850963881465,0.05624121046921138
2020-08-04,0.006678062996211986,-0.006379987383130836,-0.015008759802286331
2020-08-05,0.0036246536487336556,0.0039298704809844764,-0.001640918863881291
2020-08-06,0.03488927089756233,0.017483651543482637,0.016013907427305796
2020-08-07,-0.022735834085838236,-0.0043720857261323465,-0.01788768774669136
2020-08-10,0.014534879422207325,-0.0010345857165163785,-0.019907793858724765
2020-08-11,-0.029739735409882617,-0.010876193026178815,-0.023385409052862127
2020-08-12,0.033234168039140366,0.01803380036658475,0.028567185341920043
2020-08-13,0.017697598617740562,0.006243205697332055,-0.0023422056629990307
2020-08-14,-0.0008912720849378886,-0.007925215596130464,0.0009581705500922855
2020-08-17,-0.0026106293332599506,0.007716053628427311,0.006606181912987674
2020-08-18,0.008332733697284045,0.026077630031460464,0.0057541346337322
2020-08-19,0.001254584514513768,-0.007179639800954818,-0.00606698389802196
2020-08-20,0.02218968161445889,0.020484109030739717,0.02327161631021024
2020-08-21,0.05153233461508866,-0.00043128272372261467,-0.007269938453072222
2020-08-24,0.011960367646235426,0.0060802654593843375,0.003145034753583298
2020-08-25,-0.008203790044943315,0.013058698372348854,0.013009360104534906
2020-08-26,0.013599018807669783,0.023837736464775716,0.021619692678821245
2020-08-27,-0.011954283714183833,-0.009494297677107744,0.02455358503438787
2020-08-28,-0.0016197983926817816,0.006699281088123232,0.010283239125135069
2020-08-31,0.033912034272566505,-0.006038597985887129,-0.014765508723801113
2020-09-01,0.039832499432161494,0.0156792969526951,0.007715075565788876
2020-09-02,-0.020718403917968864,0.03764774845969776,0.019272289437426426
2020-09-03,-0.08006085272896468,-0.051170674585344744,-0.061946845705658116
2020-09-04,0.0006619654412225451,-0.029640744563851573,-0.01403595811581293
2020-09-08,-0.0672950800903046,-0.03643408019015426,-0.054095677365854966
2020-09-09,0.03988657158031228,0.01550924749598881,0.0425835570920674
2020-09-10,-0.03264574341534743,-0.013689099702834384,-0.028018433719304348
2020-09-11,-0.013128969938943635,-0.0067428319170690365,-0.006524761816656732
2020-09-14,0.03000011666483049,-0.00457203003150386,0.0067637212763564936
2020-09-15,0.0015603690409109472,0.0174241661371759,0.016406276479123072
2020-09-16,-0.029513737227054415,-0.015002059386227007,-0.01786558249262704
2020-09-17,-0.01596350489138121,-0.016566521142094004,-0.0104364958166544
2020-09-18,-0.03172017204790889,-0.024175453913530487,-0.01241928154774341
2020-09-21,0.03032569262795759,-0.014437355818208708,0.010729050924826788
2020-09-22,0.015715908315516502,0.020753175664158352,0.024093816747995156
2020-09-23,-0.04194614376018746,-0.03454540776165238,-0.03292840429250676
2020-09-24,0.01026893297539977,0.009557222422442946,0.012961944542304149
2020-09-25,0.03751616159724702,0.011385719604094069,0.022786609604402264
2020-09-28,0.023868699609067345,0.013619854786041108,0.007795021957910375
2020-09-29,-0.007567776457934605,0.00504583356632371,-0.010408556731521967
2020-09-30,0.015075954123376256,-0.00028655111057385163,0.014812216654626731
2020-10-01,0.008461933796679366,0.0152155178636324,0.010127079343591694
2020-10-02,-0.03228011634444339,-0.021708443833881375,-0.02951152167157789
2020-10-05,0.030791056981036125,0.01870712634225158,0.020321104946573465
2020-10-06,-0.0286695811298171,-0.021452215680182296,-0.02124747273310723
2020-10-07,0.016967221145549605,0.00559616667390439,0.019037583945961556
2020-10-08,-0.0009560677941947704,0.016646737668538414,0.003574448775391925
2020-10-09,0.017396029698994786,0.018214470310677022,0.024836002763882092
2020-10-12,0.06352039125283904,0.0358436603969392,0.02590245534165847
2020-10-13,-0.026527216774089424,0.00158502163860752,0.00659437131134033
2020-10-14,0.0007432047131958885,-0.002316388586219298,-0.008974325036313124
2020-10-15,-0.003960664130297276,-0.005097766520449798,-0.005433255195329889
2020-10-16,-0.014000576365065465,0.007862658856116589,0.0
2020-10-19,-0.02554174493688255,-0.0240799366818798,-0.024765404601481134
2020-10-20,0.01319169401514153,0.013810842821369018,0.0020070402984908586
2020-10-21,-0.005446198061700769,0.02250694365573902,0.0006989255534202155
2020-10-22,-0.009583355733058796,0.013032932420911747,0.0004188409468299792
2020-10-23,-0.006133991465204325,0.016381810016808274,0.006235777878899729
2020-10-26,8.705677897524744e-05,-0.02981670412176307,-0.028441790755785457
2020-10-27,0.013472291967371763,0.009209264057257416,0.015089347352719162
2020-10-28,-0.046312114622388045,-0.055088611449977454,-0.04956605974574435
2020-10-29,0.037050319773074936,0.03050050299028828,0.010065117519352906
2020-10-30,-0.05601813169086978,0.038043763524015395,-0.010990778232063403
2020-11-02,-0.0008264098686764365,0.0050802864753725085,-0.000691233374956135
2020-11-03,0.015353235702552759,0.013137770079018507,0.020263737645307422
2020-11-04,0.04083667377936484,0.06088135662699101,0.04824872406589109
2020-11-05,0.03549367779265711,0.009536881054022173,0.0318869217302824
2020-11-06,-0.0011360676126863645,-0.0015715360769131825,0.001925799167591613
2020-11-09,-0.019968056794939626,0.000960210383741833,-0.02382436954631828
2020-11-10,-0.0030089393230363637,-0.013454943695177746,-0.03379272253493493
2020-11-11,0.030352758154733372,0.005472760424395817,0.026254857188036995
2020-11-12,-0.002343356314553957,-0.002524095171330898,-0.0051260088614518695
2020-11-13,0.0004195306419860767,0.016892168286885,0.0049664781678568914
2020-11-16,0.008720390482567009,0.0009988392149153924,0.0033255087934698224
2020-11-17,-0.007564547782129449,-0.0069729713099099255,-0.012751293132272523
2020-11-18,-0.011391243033029408,-0.011931911145768415,-0.01318397489803358
2020-11-19,0.005168411628472924,0.01030081530468241,0.006348392287150784
2020-11-20,-0.010957567554044534,-0.012618170018358965,-0.009556563253145245
2020-11-23,-0.029742628611474142,-0.005079558380044036,-0.001330709605031899
2020-11-24,0.011594078016408105,0.021035482672584038,0.017847740734088013
2020-11-25,0.00746731548970514,0.000130379331712005,4.666968528055371e-05
2020-11-27,0.004826267821748775,0.012975223942937486,0.006359131984363886
2020-11-30,0.021099683463212227,-0.018253832956593108,-0.005389659332493024
2020-12-01,0.030827307857314246,0.02334699650299288,0.009996726721112958
2020-12-02,0.0029335510058603465,0.01649244932957794,-0.003885106316981246
2020-12-03,-0.001137534343383484,-0.0017149989910287822,-0.0052468350144661
2020-12-04,-0.005612381980224623,0.0010538761907967764,0.0005602242137203728
2020-12-07,0.012269812042971173,-0.003690189833432833,-0.00032658988434686176
2020-12-08,0.005090906428511177,-0.0031370062018691858,0.008026431569134962
2020-12-09,-0.02090359064774483,-0.018478110627260347,-0.019489796747756083
2020-12-10,0.011988650871263218,-0.005743042567297629,-0.006043471562323766
2020-12-11,-0.006734524644307793,0.004045068290071674,0.013015544735962115
2020-12-14,-0.005146762162735019,-0.012699999179335508,0.004407747988484756
2020-12-15,0.050090406019910105,0.005033524455834604,-0.00032690766907517155
2020-12-16,-0.0005476321141097973,-0.0022089413152729387,0.02405097261166156
2020-12-17,0.006963493208812732,-0.00949243638822539,0.0006383800122569117
2020-12-18,-0.0158505481940745,-0.008210296193794875,-0.0037828539743106626
2020-12-21,0.012395203757546991,0.004831458927758492,0.018299023342950083
2020-12-22,0.028464627124147768,-0.008267274482051223,0.0060651022652375985
2020-12-23,-0.006976076169628587,0.004656420847396481,-0.01303914880716861
2020-12-24,0.007711924033883211,0.003431262439856697,0.00782747283732732
2020-12-28,0.03576599721968643,0.022950576761524344,0.009921395879097572
2020-12-29,-0.013314677584919443,-0.009132098457923954,-0.0036006798893626346
2020-12-30,-0.008526789421763548,-0.012237149693196891,-0.011019395524865194
2020-12-31,-0.007702807337760409,0.009439936929922066,0.003338007628569617
2021-01-04,-0.024719215545922713,-0.015125729030501689,-0.021266090393293746
2021-01-05,0.012363875419802994,0.008064278316726625,0.000964709590588031
2021-01-06,-0.033661709622719416,-0.009867717324684833,-0.025929212379122824
2021-01-07,0.034123241462387544,0.029868634392124838,0.02845685982498547
2021-01-08,0.008631382771085772,0.01323885006667247,0.006092840439678726
2021-01-11,-0.023248889282170393,-0.023105700850838518,-0.009698438764543016
2021-01-12,-0.0013954952463899328,-0.010738564964289266,-0.011770721689791763
2021-01-13,0.016226654918196415,0.005652103087809168,0.006560176729796696
2021-01-14,-0.015127044220768382,-0.009346197048461291,-0.015346037263673007
2021-01-15,-0.013730707533093911,-0.001906414305113624,-0.0017369287977255787
2021-01-19,0.0054271029916581615,0.03290650604556622,0.01782281940637409
2021-01-20,0.03285630287021779,0.053573326430139456,0.03649935090503509
2021-01-21,0.036658174602085314,0.002170094433480596,0.002808480761593124
2021-01-22,0.016073703096680436,0.004463590054723632,0.004356059567406145
2021-01-25,0.027683883757230632,0.0009087768089361958,0.015844280905812358
2021-01-26,0.0016794319158957016,0.007216508112359632,0.012198891948280721
2021-01-27,-0.00768384508044917,-0.046652140774458006,0.0024531161185428196
2021-01-28,-0.034985416008027403,0.018835145485648352,0.025891029441217794
2021-01-29,-0.03742039686307297,-0.01394359372444387,-0.029171727731776897
2021-02-01,0.016520366018568433,0.03595906702703844,0.03315230651335144
2021-02-02,0.006336291488274526,0.013760720787087788,-0.0005841844742497937
2021-02-03,-0.0077781183903844475,0.07282497024118628,0.014571609051137635
2021-02-04,0.02575763230574002,-0.0025497301634865854,-0.004074249075577296
2021-02-05,-0.003098149296958397,0.017140299188510788,0.0007850857754574392
2021-02-08,0.0010969834665499612,-0.0020634575777549458,0.0011147936381137313
2021-02-09,-0.0065738909627997,-0.004379856675149729,0.005361489918568552
2021-02-10,-0.004558238184631747,0.005343529721514084,-0.0038971524462659834
2021-02-11,-0.0019206550895861652,0.0010880386947034193,0.006877657404044335
2021-02-12,0.0017762530618086192,0.00300652583461547,0.0020449594779849978
2021-02-16,-0.016104154510283242,0.007479733484731188,-0.0052655368880377695
2021-02-17,-0.017643916767295487,0.0037521974863414798,0.004359618235327156
2021-02-18,-0.0086364107266097,-0.0060463774635232115,-0.0016789179858257564
2021-02-19,0.0012333890371658551,-0.008072897137744062,-0.011567248427526433
2021-02-22,-0.029798838860902843,-0.016540555482278507,-0.02680833746682454
2021-02-23,-0.0011110618681338114,0.002852581873562965,-0.00528780652461136
2021-02-24,-0.004052295714289111,0.011499401650373331,0.005487344848152276
2021-02-25,-0.03478248479953583,-0.03256540845413636,-0.023705018448794135
2021-02-26,0.002231628610587455,0.002956452895364059,0.014804032793496624
2021-03-01,0.05385120125773457,0.023616254461814812,0.01962336669167808
2021-03-02,-0.020893695114441502,-0.002502817948107139,-0.01295705867974406
2021-03-03,-0.024456640645988625,-0.025706184102393448,-0.026980965163191928
2021-03-04,-0.015811799819903882,0.011196215882397054,-0.0036472713496235043
2021-03-05,0.010738382960688853,0.03104324242017653,0.021479369576371976
2021-03-08,-0.041673593060023606,-0.04271191238696048,-0.018177851237957454
2021-03-09,0.0406496817557811,0.016368570292151663,0.028101571151245786
2021-03-10,-0.009166661621416328,-0.0020437211143486955,-0.0058175496384527126
2021-03-11,0.016502781394309496,0.0316031016017011,0.020264957643333803
2021-03-12,-0.007625606490772596,-0.02406048437159347,-0.005819683771981388
2021-03-15,0.02445687265360097,0.002165963625332834,-0.00398706776810287
2021-03-16,0.012743055051037011,0.014334717794851626,0.012350365301014188
2021-03-17,-0.006450698490278128,-0.0008014273691456797,-0.0028185620394344246
2021-03-18,-0.0339050713014829,-0.029237972224058884,-0.026662150185772227
2021-03-19,-0.004480226670131482,0.0027802593169217182,-0.0016036181510559189
2021-03-22,0.028335573485875676,0.0018402234620813473,0.0244843000971664
2021-03-23,-0.006888540141339439,0.005239635225533279,0.006737525266639288
2021-03-24,-0.019993667290921113,-0.0043109699607305485,-0.008923157858378383
2021-03-25,0.004163610791136696,-3.4321472410780984e-05,-0.01325069582472993
2021-03-26,0.005141622931612355,-0.003803251403532326,0.017818584856410302
2021-03-29,0.001484794560952185,0.010401302909693433,-0.0052432903820980314
2021-03-30,-0.01227424762056506,0.0003323716912249086,-0.014410909077492096
2021-03-31,0.018765510379628036,0.007842714188641908,0.016907405142329246
2021-04-01,0.006958595317132055,0.032610539483255874,0.02790871018182184
2021-04-05,0.02357717983990293,0.041872937694649615,0.027728352333866724
2021-04-06,0.0024623221167556775,-0.004371456025541676,-0.004858121315225117
2021-04-07,0.013390397772526708,0.013475285732616582,0.008230584467574076
2021-04-08,0.01923364810020023,0.00509145235844044,0.01340524289622147
2021-04-09,0.020251811094774252,0.008993787607958215,0.010266814160064142
2021-04-12,-0.013233367281884512,-0.011472387783168614,0.0002343872928038948
2021-04-13,0.024306757286132186,0.004370456519917187,0.0100814101480593
2021-04-14,-0.017852932549141887,-0.0055535334757131904,-0.011218841587846806
2021-04-15,0.01870755331538687,0.01933169391556433,0.015297971030385105
2021-04-16,-0.0025278358248507216,-0.0010939023781525448,0.004778344625350428
2021-04-19,0.005068600210626828,0.0030708479864427485,-0.007670279713338446
2021-04-20,-0.012829875428432724,-0.004694816505029342,-0.0018553133694970692
2021-04-21,0.002929568486280232,-0.0002895459450011906,0.008983150459444644
2021-04-22,-0.011685096299896669,-0.011337284205101827,-0.013086138404895031
2021-04-23,0.01803853111203879,0.021047690787961537,0.015476195443775431
2021-04-26,0.0029778477069482,0.004347880285869632,0.0015315748553659247
2021-04-27,-0.002449491113474145,-0.00820372531432012,0.0016058602828545876
2021-04-28,-0.006027572791193814,0.02970783242629227,-0.028285657247110074
2021-04-29,-0.0007483820281818376,0.014293892065598168,-0.008053011344305694
2021-04-30,-0.015132986086075939,-0.016407761932677456,-0.0013068692977584728
2021-05-03,0.008215213754316109,-0.00442747562491097,-0.0012691549722013695
2021-05-04,-0.03538568343666815,-0.01547104984615122,-0.016159759964555653
2021-05-05,0.0019555393425942924,0.003441953456797764,-0.005326989577396524
2021-05-06,0.012802575005127936,0.009754737332588359,0.013226708300422718
2021-05-07,0.005327479421871395,0.006237778507043323,0.010931980138356057
2021-05-10,-0.025804772731308878,-0.025587429475640855,-0.02091436207542008
2021-05-11,-0.007410175354324755,-0.009464435079823752,-0.0038432400869151673
2021-05-12,-0.02493859914153196,-0.0307524977413296,-0.029362895550945733
2021-05-13,0.01791968583045178,0.013084920458559246,0.016861956653869914
2021-05-14,0.019844913021504595,0.02213508637069217,0.021067248013050266
2021-05-17,-0.009258560122452963,0.004626008307636598,-0.011968545238589035
2021-05-18,-0.011245767391270145,-0.011555607236218735,-0.008565074257140592
2021-05-19,-0.0012815353579347377,0.003991184521926705,0.002473953438880905
2021-05-20,0.021012116027177896,0.015606517667207553,0.013820260199406853
2021-05-21,-0.014767044554567454,-0.005557228104943968,-0.005314666588990824
2021-05-24,0.013314133602417622,0.029165815415626684,0.022881989201874786
2021-05-25,-0.0015735916911809866,0.0007750806883282113,0.0037483281695434023
2021-05-26,-0.0003940793005599019,0.007380922826881964,-0.000913645346732328
2021-05-27,-0.01237674642793507,-0.007406648792702253,-0.008668316910095175
2021-05-28,-0.00534794021458751,-0.002467621832136002,0.0014840976099208536
2021-06-01,-0.002648421278618862,0.010323075374843338,-0.009131709736097227
2021-06-02,0.006276311310152938,-0.0044472854920856175,-0.0004042454169344012
2021-06-03,-0.012154328368578993,-0.009706521339833962,-0.006429413871314349
2021-06-04,0.019022325176757837,0.019590391626274295,0.020674695302523194
2021-06-07,7.941107657116753e-05,0.003647355279896125,0.012041910191872063
2021-06-08,0.006671979695136443,-0.0016068235465608316,-0.004885379011095647
2021-06-09,0.0030771827918822936,0.003960910594571265,0.004038377238368751
2021-06-10,-0.008023251911467577,0.011291777168737749,0.014393307891645835
2021-06-11,0.009832511446670855,-0.002024500262294171,0.0025270228699640906
2021-06-14,0.024578171944125593,0.007698991664572663,0.007755188884143838
2021-06-15,-0.006437963643654343,-0.00837930102727058,-0.005887131447705696
2021-06-16,0.003933956047051268,-0.0053286289873250015,-0.0037930848507876647
2021-06-17,0.012600731794336628,0.008039952341450718,0.013676131896967814
2021-06-18,-0.010091388760361641,-0.013409408851464133,-0.005634356825178544
2021-06-21,0.014103908971554224,0.01416613783811238,0.012334853789393696
2021-06-22,0.012698090984408328,0.004252359215765056,0.010965833356214372
2021-06-23,-0.0020897150223778693,-0.0016634489108122708,-0.0009039666488253051
2021-06-24,-0.002169096340302157,0.003054183271333555,0.005353209628797373
2021-06-25,-0.002248396253723417,6.939959215057634e-05,-0.00626210193854182
2021-06-28,0.012545598903719535,0.00022445361782064133,0.013961464163135595
2021-06-29,0.011500309805914544,-0.002150379955928927,0.009972968247651481
2021-06-30,0.004621266644424082,-0.0014966542204620792,-0.0018421413532829778
2021-07-01,0.0022633375696299307,0.00290769297615312,0.002583897029105442
2021-07-02,0.019596554863263727,0.02297360098783674,0.022275500670946746
2021-07-06,0.014718279498112885,0.007444721364882723,3.5952232299019116e-05
2021-07-07,0.01795509477472601,0.00225055471098079,0.008175493208334439
2021-07-08,-0.009199578506139727,-0.011306725617308278,-0.00896637216721452
2021-07-09,0.013055198712080385,0.0037947422047133195,0.0018743575447404126
2021-07-12,-0.004203759238580185,0.01160789826159414,-0.0022306778534781913
2021-07-13,0.007889324873798786,0.002882379906522292,0.013197451598632615
2021-07-14,0.02410049227838651,0.00703230282950007,0.005445476147436068
2021-07-15,-0.004492262988442741,-0.009607250657762467,-0.005238757487104007
2021-07-16,-0.014075818717516508,-0.00027553796297474786,-0.0009963479567078881
2021-07-19,-0.02691447145740422,-0.01883913113697533,-0.013321554861474127
2021-07-20,0.025974261637461193,0.013096246678356627,0.008339045553391822
2021-07-21,-0.0051322287536288425,0.010613333394882352,0.007446770612183018
2021-07-22,0.009628889001696672,0.006840437766380658,0.016844250494861157
2021-07-23,0.01198907729027443,0.03576902850163877,0.012336702553982004
2021-07-26,0.0028944412556513033,0.007668232748291759,-0.00214056550455477
2021-07-27,-0.014900234846054072,-0.015928607517385784,-0.00868368760948568
2021-07-28,-0.012195974602682846,0.03179679621269993,-0.0011165362758899233
2021-07-29,0.004552410070702173,-0.002325660516201089,0.0009781713004475279
2021-07-30,0.0015102367858825794,-0.007740537630304689,-0.005549607558598013
2021-08-02,-0.002330851525729316,0.0009499939914132671,-0.000315988102755016
2021-08-03,0.012644553901336897,0.005750717503818947,0.008075224296430594
2021-08-04,-0.0027824346593866567,-0.0037196114919209045,-0.0021244813824099484
2021-08-05,0.0007485458246954124,0.008332833150790364,0.01050588006817299
2021-08-06,-0.004766927840535784,-0.0037650966761150206,-0.00020741318882500082
2021-08-09,-0.00034237652075874703,0.008652691668652679,-0.003903701586795316
2021-08-10,-0.003354161453782867,-0.0007741290180689475,-0.006555074981840603
2021-08-11,0.0017858294650863193,-0.0038595231736691105,0.0017805953038982913
2021-08-12,0.020773267324727396,0.006714042258674002,0.009966976468717581
2021-08-13,0.001410419707947197,0.0038887559657558857,0.010489581153436678
2021-08-16,0.01354811401238809,0.004225795351992412,0.005975403329778528
2021-08-17,-0.006154148803149018,-0.01191548013650634,-0.0051594089441655555
2021-08-18,-0.02550074367334154,-0.008872029815907845,-0.006119201569527499
2021-08-19,0.0023228121398990442,0.001705350210859713,0.020775310484289822
2021-08-20,0.01015662493280356,0.012894459250487156,0.025575364959541824
2021-08-23,0.010257005354820325,0.01900604726204258,0.0009527074611885844
2021-08-24,-0.0006010213312201973,0.0087116495773909,-0.006663326870387398
2021-08-25,-0.008421437243519958,0.005787057136010132,-0.002015658115802066
2021-08-26,-0.005526953290186265,-0.00449391085600237,-0.009668537753731887
2021-08-27,0.007184598497130601,0.01812410362372585,0.002106175276908928
2021-08-30,0.030417203825839456,0.004072913184293148,0.012912284528296736
2021-08-31,-0.008424717201904519,0.0007399164121371093,-0.005632497232511802
2021-09-01,0.004478563713669725,0.0035799759116901253,-0.00016584984144840664
2021-09-02,0.007474899308715255,-0.0132802832901866,-0.0022530372059881287
2021-09-03,0.0042307169601982775,0.003158004552859417,-3.2979038272817895e-05
2021-09-07,0.01548909437201651,0.0037638306403140476,-0.0031879048936662713
2021-09-08,-0.010083619679897793,-0.004085828540144609,9.988500660096378e-05
2021-09-09,-0.0067047490585825376,-0.0010439466989666801,-0.009859884963646648
2021-09-10,-0.033101934922375786,-0.0185660810083631,-0.005180827249085307
2021-09-13,0.003893426795894328,0.010338879384275135,0.004328414476003628
2021-09-14,-0.00956226984683295,0.0014894136587644269,0.009428347500952894
2021-09-15,0.006143591197048215,0.013224096424936826,0.016778292354990176
2021-09-16,-0.0016102451403648965,-0.005674132285666267,0.001312042872921193
2021-09-17,-0.01834798727031317,-0.019566891427559963,-0.017528166295468384
2021-09-20,-0.021360969535213492,-0.01477629107569689,-0.01857476046572737
2021-09-21,0.003427859722403559,0.002259870395930008,0.0016989724895462022
2021-09-22,0.016872394837649685,0.008994398185064423,0.012822122935617797
2021-09-23,0.006719254578397615,0.006647303924917081,0.003282395830010998
2021-09-24,0.0006129158135561585,0.0070741660484543445,-0.000701061853757734
2021-09-27,-0.010549917966365951,-0.008037102779204774,-0.01730397600984568
2021-09-28,-0.023801204023537137,-0.03715842884878051,-0.036203809050252445
2021-09-29,0.006482774760829368,-0.010870038799476012,0.0016930679437598961
2021-09-30,-0.009311761957491504,-0.005042852434801626,-0.007323895342885689
2021-10-01,0.00812716984677353,0.02144741799572314,0.025468130138311063
2021-10-04,-0.024605574531363805,-0.02111779119983681,-0.020719482555962676
2021-10-05,0.01415843148613627,0.017682840798685096,0.019957243992660967
2021-10-06,0.006306868060095505,0.011336582361604286,0.015064169439144681
2021-10-07,0.009084567272848343,0.012067007825187881,0.005936393319646127
2021-10-08,-0.002721657413624623,0.004025840792631907,0.0
2021-10-11,-0.000629772117807903,-0.006234676268240702,-0.002102778733570121
2021-10-12,-0.009103045693348077,-0.017744838889471426,-0.004588284418088229
2021-10-13,-0.004240197037147064,0.008303358782674408,0.01171116403924799
2021-10-14,0.020226011479881567,0.02594111439355351,0.02173412214537196
2021-10-15,0.007512488186704358,0.0015372906211368331,0.004822504550619611
2021-10-18,0.011806151492399941,0.009973852055341181,0.010124588706018178
2021-10-19,0.015080245596542197,0.0032149002826822315,0.0030588493277117212
2021-10-20,0.003360956670666937,-0.01024884736592313,-0.0026604159654324278
2021-10-21,0.0014741131726403456,0.0008254779726182271,0.010897634214502405
2021-10-22,-0.005285099441730834,-0.030443582655898638,-0.0051485636774581955
2021-10-25,-0.0003365048936992965,-0.0008686387314352784,-0.003331501757956601
2021-10-26,0.004575099063337529,0.013543314534762763,0.006425685852230245
2021-10-27,-0.0031476967323473826,0.04959499377082821,0.0421142095753988
2021-10-28,0.02499179750015168,-0.0025202072704021417,0.0036511658824354143
2021-10-29,-0.01815561798124954,0.015063578544413314,0.022414024324777904
2021-11-01,-0.005607509423003143,-0.030726963683453623,-0.006784835079954421
2021-11-02,0.007115795129982949,0.013488154032620603,0.011415745587484372
2021-11-03,0.009798986355357586,0.008014051446206372,0.0026116646555407463
2021-11-04,-0.0034985802765958862,0.011388312139650747,0.0073052244404185895
2021-11-05,0.003582240327745012,0.00394224778646679,-0.001129505445512824
2021-11-08,-0.005552768594718982,0.001202420620823652,0.0027675230163981546
2021-11-09,0.002459419983089184,-0.0007548025430580418,-0.003086031150737356
2021-11-10,-0.019163198817647276,-0.020313317518242946,-0.01532982627063817
2021-11-11,-0.0003378686168651335,-0.0008703436953835242,0.004927585939886292
2021-11-12,0.01433702293526773,0.019973707070597646,0.01290486172059091
2021-11-15,6.655831704138748e-05,-0.0015200983273968571,-0.001930164431267034
2021-11-16,0.006666670806877439,-0.0038800296364902565,0.01023584212201789
2021-11-17,0.016490034242078844,0.0011562360907193536,0.0006786475593729691
2021-11-18,0.02853593584790648,0.012100982152371653,0.006339770084233587
2021-11-19,0.016975994176377185,-0.006086610674145954,0.0053915945325291315
2021-11-22,0.0029275136480466646,-0.01762270365917662,-0.009559581891727786
2021-11-23,0.00242230113787012,-0.0035543372303856735,-0.006326710195629248
2021-11-24,0.0032833948234420873,0.00231855488594479,0.0006811723931940961
2021-11-26,-0.03167849860220906,-0.026943551556021683,-0.024355575790722783
2021-11-29,0.02187353464882258,0.023543504646655,0.02108111400075563
2021-11-30,0.03157789686742141,-0.024963588160897943,-0.017942789627939604
2021-12-01,-0.003206502760171537,-0.005962303358087895,-0.0015426377150058457
2021-12-02,-0.006129658503242763,0.013573093639693834,-0.0017873811046084098
2021-12-03,-0.011724455898117547,-0.0067462834206878375,-0.01966659535189552
2021-12-06,0.021502797501061544,0.008123036991210197,0.009844816232816411
2021-12-07,0.035446169219080614,0.028741593406564014,0.026763531849444355
2021-12-08,0.022783316239663565,0.006226725646580666,0.00014949672713626683
2021-12-09,-0.0029701893865965445,-0.003697955405815523,-0.00558262463339676
2021-12-10,0.028013129325492603,0.0024586693589214725,0.028339750383483242
2021-12-13,-0.02067409193795633,-0.014695841566722212,-0.00916692287818166
2021-12-14,-0.008023248222427837,-0.013162819568745432,-0.03258677491458706
2021-12-15,0.02850910199784229,0.017608482226328714,0.01921760949994833
2021-12-16,-0.0392639718696568,-0.013630121869965484,-0.02913470071980384
2021-12-17,-0.006501617608157151,-0.018830514332198622,-0.003385724320892569
2021-12-20,-0.008121964457968534,-0.0008326575720886131,-0.012013338163445741
2021-12-21,0.01908698110134055,0.013173709228222474,0.023068699988928465
2021-12-22,0.015318736393394872,0.020509145560198894,0.018057519084156093
2021-12-23,0.003643751894979008,0.0034253087709936736,0.004471427062288091
2021-12-27,0.022974788380951905,0.006738528863062587,0.023186047503464646
2021-12-28,-0.0057673497251410355,-0.00824519007255975,-0.0035043553659840354
2021-12-29,0.0005021700952902997,-0.00021813346527954636,0.0020514650669007928
2021-12-30,-0.006578077857278153,-0.003099070090795464,-0.007691350027114963
2021-12-31,-0.0035354711989654675,-0.00922365660543012,-0.008841194844117162
2022-01-03,0.025004155336943334,0.0009630761535084353,-0.004668276363527846
2022-01-04,-0.012691551720990568,-0.00408292314118186,-0.017146968918406946
2022-01-05,-0.026599730955419343,-0.04587624695567305,-0.03838775052124288
2022-01-06,-0.01669359477818011,-0.0001996381141876613,-0.007901955855543652
2022-01-07,0.000988415231884865,-0.005303153242496528,0.0005096372819810568
2022-01-10,0.00011614810325988323,0.012060442081187617,0.0007324489468498729
2022-01-11,0.01678397645280527,0.007690885679657367,0.0022592269235321982
2022-01-12,0.002570073111672011,0.012126620952467082,0.010444992329847747
2022-01-13,-0.019028094137260254,-0.020105289209270683,-0.04232245200830198
2022-01-14,0.00511082470183255,0.006447125648645358,0.017716437572376176
2022-01-18,-0.01889414977312809,-0.024967631213809405,-0.024339060125400325
2022-01-19,-0.021024826450385725,-0.006481701523591621,0.002246664572792767
2022-01-20,-0.010347164826962074,-0.013388387721081751,-0.00570315189043924
2022-01-21,-0.012765200029407509,-0.022174337031567237,-0.018468083273895708
2022-01-24,-0.00486422555827748,0.003471390725174217,0.001148240801833511
2022-01-25,-0.011384684107005216,-0.02957862914521603,-0.02658820373728865
2022-01-26,-0.000563099009324719,0.018103798185567843,0.028492914723303953
2022-01-27,-0.002943376033059497,-0.0017642421535356556,0.010549019301012041
2022-01-28,0.0697777145902847,0.03368858806566588,0.028081790680668517
2022-01-31,0.02612567677515676,0.014641788388389143,0.008823722177420557
2022-02-01,-0.0009726049458858022,0.017298243252338974,-0.007138710952419247
2022-02-02,0.0070441796378732935,0.07523762168462444,0.015222085054283019
2022-02-03,-0.01671962894910406,-0.033175810080369406,-0.038952377282692296
2022-02-04,-0.001679551097226173,0.0014187404893171163,0.01556855347562447
2022-02-07,-0.004234545120104571,-0.02855694746306159,-0.01631029751662727
2022-02-08,0.018466871540984364,0.0014225814875625797,0.011995307829114177
2022-02-09,0.00829377297401801,0.015731642064036322,0.021834922526326572
2022-02-10,-0.023598851455652325,-0.020989971002315033,-0.028373151861074808
2022-02-11,-0.020218385372363756,-0.03129049094645253,-0.02427431249237444
2022-02-14,0.0014230721771688604,0.009260413698109593,-0.0001355717523334743
2022-02-15,0.023152453764919256,0.00798726544534789,0.018542668726502454
2022-02-16,-0.0013888038859227736,0.008268300005330964,-0.001167399027449334
2022-02-17,-0.02126928234425718,-0.03774574522473506,-0.02928211833748129
2022-02-18,-0.009355681440584851,-0.01611591782059507,-0.009630865288600243
2022-02-22,-0.017812290418290355,-0.004520643114096501,-0.0007294804140108857
2022-02-23,-0.02586446469409509,-0.01714378106849701,-0.025893316480686934
2022-02-24,0.01668049491067336,0.039995813416318304,0.05109389985704205
2022-02-25,0.01296546091386519,0.013328196986155172,0.00923303628844696
2022-02-28,0.001637704354434888,0.004443666540859148,0.004978113674528162
2022-03-01,-0.011627930999639768,-0.007371113639591198,-0.012851949382240546
2022-03-02,0.020588444601024936,0.0038044160091050827,0.017765701922698218
2022-03-03,-0.0019813575692690932,-0.004993668337071155,-0.014224345029457464
2022-03-04,-0.018408274661386725,-0.014884437871529821,-0.020478577935013842
2022-03-07,-0.023717383228868516,-0.04190833697623442,-0.03777697348077247
2022-03-08,-0.011676344228470747,0.005744557186137422,-0.010971011829709387
2022-03-09,0.034997510702011514,0.0496875559766643,0.04585816847881219
2022-03-10,-0.02718613932632341,-0.007423862148105198,-0.010086745074395331
2022-03-11,-0.023908657212863726,-0.019323643533132207,-0.019328535666568558
2022-03-14,-0.026562388512487045,-0.03018005016117331,-0.01296080782544573
2022-03-15,0.02967714053169379,0.025779761021510694,0.03874270140013292
2022-03-16,0.02901555512741516,0.031598948643920766,0.025213248564142088
2022-03-17,0.006453868308206934,0.004190330042987966,0.0028193293843650213
2022-03-18,0.02091905562807761,0.01708406757425962,0.017647861659157327
2022-03-21,0.008537680999489705,-0.00017637770869582958,-0.004227077996383333
2022-03-22,0.020800757581084905,0.027674218639022863,0.016378978622414886
2022-03-23,0.008233388834922195,-0.011385791207805918,-0.015030103967442976
2022-03-24,0.022678021057817466,0.02384014731723494,0.01539305053208162
2022-03-25,0.0037341150457337324,0.0007134567825828331,-0.0013812801688545262
2022-03-28,0.0050364434384770895,-0.0015351976472278706,0.02311651214490329
2022-03-29,0.01913450179617482,0.007422679339688987,0.015159305971917059
2022-03-30,-0.006649416751802861,-0.003978675392977693,-0.004914383656823174
2022-03-31,-0.017775895650687268,-0.020227113918059092,-0.017682837481263425
2022-04-01,-0.0017181762857039207,0.007787499826361399,0.0036003516273017677
2022-04-04,0.023693429011560685,0.02012843172979828,0.017936570908969163
2022-04-05,-0.018941885995879093,-0.016650050395718208,-0.012985434251460926
2022-04-06,-0.01845081727768738,-0.02875724705483096,-0.036605584180889994
2022-04-07,0.0018039989560971748,-0.004829877512707359,0.0062436490757715735
2022-04-08,-0.011908949461977292,-0.019140686437222443,-0.014599868630061685
2022-04-11,-0.02551572227738641,-0.03349154995775039,-0.03943152799648397
2022-04-12,0.011523298763530532,-0.008608606702485755,-0.011217808189560752
2022-04-13,0.01634265471168539,0.017065278667459216,0.019711947219922088
2022-04-14,-0.02998834317475141,-0.02435817642752014,-0.027084525681464355
2022-04-18,-0.0013309918084152272,0.007468552270248008,0.0024659252892100803
2022-04-19,0.01411531147527434,0.018269024434791614,0.017039892110369825
2022-04-20,-0.0010155804152300885,-0.015145293541185878,0.0037152623464411505
2022-04-21,-0.0048437467691896385,-0.025191341421972324,-0.019381189523294817
2022-04-22,-0.02782113997790281,-0.04149352134153361,-0.02414429472399393
2022-04-25,0.006737204644699624,0.0287414941140256,0.024413547496117793
2022-04-26,-0.037327962071140974,-0.03594588758165085,-0.03740400967629076
2022-04-27,-0.001466941938311539,-0.03670876057449124,0.04810867925577589
2022-04-28,0.04515556988713576,0.036992049647715186,0.022632818913903785
2022-04-29,-0.03660491006092781,-0.03723340608814585,-0.04181204781144876
2022-05-02,0.001966556926088714,0.02167655085246656,0.025043310673891206
2022-05-03,0.009622556273180205,0.006441782376158667,-0.009455960630557314
2022-05-04,0.04100835126636038,0.041991242010907426,0.0291004394525336
2022-05-05,-0.05571618557516589,-0.04707549384453091,-0.043554632928097914
2022-05-06,0.004727080627129565,-0.006514826441383681,-0.00944653660102579
2022-05-09,-0.033189148821786585,-0.0279532923410436,-0.036945289902017286
2022-05-10,0.016112047435105747,0.016744984898689586,0.018595286778557263
2022-05-11,-0.051841304672633814,-0.00692766345034479,-0.033209398263600254
2022-05-12,-0.026894100127723863,-0.006676785482565006,-0.019957895536207082
2022-05-13,0.03191635637102008,0.028415362391775334,0.02259646471965593
2022-05-16,-0.01067232152357811,-0.01383457315556691,0.001455110881391386
2022-05-17,0.02542252702261205,0.017720288195738343,0.02034422724620355
2022-05-18,-0.056419069633293795,-0.03926651742945175,-0.045529697977206185
2022-05-19,-0.02464131543493986,-0.013543439849438621,-0.00369955204496919
2022-05-20,0.001746956353822382,-0.01337159045902514,-0.0022912469173138605
2022-05-23,0.04011949107586754,0.02368974269201951,0.03203215149401695
2022-05-24,-0.01921589289906711,-0.04949405652300698,-0.003951716843436648
2022-05-25,0.0011398459613953804,-0.0015570462419006725,0.011170050638212636
2022-05-26,0.023199475780811163,0.018784624295197228,0.01287530567176165
2022-05-27,0.04075664576311677,0.04196943210230186,0.027604044795152438
2022-05-31,-0.0053463076745744464,0.012869876804422864,-0.0050133406736282415
2022-06-01,-0.0008730936121129629,0.001142784905967087,0.002022816106519665
2022-06-02,0.016811301225845954,0.03275474721650129,0.007928974367588104
2022-06-03,-0.038555742689751926,-0.02619824735428178,-0.016607279929709673
2022-06-06,0.005227765541861773,0.019901171775629223,-0.004703313024799427
2022-06-07,0.01758582818618848,0.0028163191382133412,0.013953355934409606
2022-06-08,-0.005043442426408085,0.00037979426458312204,-0.007669781046629298
2022-06-09,-0.03595552625958409,-0.020124659188179406,-0.020783128529111572
2022-06-10,-0.038628860997364844,-0.031993709521718205,-0.04456359084006345
2022-06-13,-0.03828480462188455,-0.04290146937775707,-0.04241279685994748
2022-06-14,0.006672558799620365,0.003035869649409495,0.009205017737734966
2022-06-15,0.02011159723484046,0.02857129721664453,0.029735357597772127
2022-06-16,-0.03965141283417317,-0.033990902459989814,-0.026970145367010367
2022-06-17,0.011532940493279353,0.010468414520816927,0.010940054836383384
2022-06-21,0.03276087769861569,0.04107102023855136,0.02459120238125201
2022-06-22,-0.0038271191458632003,-0.0005065725572924729,-0.0024040626073049687
2022-06-23,0.021573643982824908,0.0067675567087051025,0.022636667557766277
2022-06-24,0.024517274104100872,0.05107718794591998,0.03414988360421156
2022-06-27,0.0,-0.01815214414994193,-0.010497049597150476
2022-06-28,-0.029789530715237933,-0.03303021312566734,-0.0317488111573454
2022-06-29,0.013023690190127502,-0.00273194703977242,0.014738036070016225
2022-06-30,-0.0180276919850223,-0.024516181632436518,-0.013179305838167288
2022-07-01,0.016164360198397176,-0.002069502819817215,0.010707277440070273
2022-07-05,0.01893044401136268,0.04161858056743961,0.012597342637299391
2022-07-06,0.00960738122681093,0.01155704546269809,0.012783209477275959
2022-07-07,0.02399930665395522,0.03675425581562619,0.008226573068840892
2022-07-08,0.004714811310215117,0.004802890524221892,-0.002757326949920924
2022-07-11,-0.014757979435578217,-0.030807609638481503,-0.011768370078176882
2022-07-12,0.006833721991919894,-0.014315888864582571,-0.04098168721186812
2022-07-13,-0.002536600838110026,-0.0233905523564516,-0.0037449946173783166
2022-07-14,0.020482441227318127,-0.008854542827259282,0.005381412051673529
2022-07-15,0.011449935082203044,0.012775489108793447,0.010390511139807268
2022-07-18,-0.020642975595854485,-0.024580094257059537,-0.009621425264259131
2022-07-19,0.02672185075933564,0.04384114162756636,0.020767065272666585
2022-07-20,0.013509935757694658,0.0007907007289682522,0.0105575534936182
2022-07-21,0.015093977695934457,0.0038630874116574176,0.009799036447732945
2022-07-22,-0.008110611369088416,-0.05632316317121122,-0.016915892402602273
2022-07-25,-0.007398396024446141,-0.003614468274240057,-0.005876654556098759
2022-07-26,-0.00882633440479641,-0.023160681438861852,-0.026774139166706568
2022-07-27,0.03423501688199093,0.07655680233208306,0.06685173337919492
2022-07-28,0.003571356271055759,0.010260102594923604,0.028540834784985813
2022-07-29,0.032793181252380066,0.018385537693805354,0.015664859004743015
2022-08-01,-0.0061533943994726,-0.012551610511574274,-0.009724104323678429
2022-08-02,-0.009287479312159008,0.002350684545689097,-0.011474390216226094
2022-08-03,0.03824781544454381,0.02562330392696599,0.027836438943396713
2022-08-04,-0.0019262537821650438,0.0009315512090235512,0.004177553775776666
2022-08-05,-0.0013891162424909398,-0.0060918987274941605,-0.0026088632196754613
2022-08-08,-0.002902911523756435,-0.0014471638368792616,-0.00915490516422679
2022-08-09,0.0003032904197084463,-0.005711890071554704,0.007063048985507692
2022-08-10,0.026194603348627332,0.0263225335244619,0.024300394163612404
2022-08-11,-0.0044317027356911565,-0.007184656219009544,-0.007400606302499946
2022-08-12,0.021425558851415838,0.023897726292678723,0.01703720502735706
2022-08-15,0.006333592377803621,0.003287353021205419,0.005344218221637664
2022-08-16,-0.000923744684361294,-0.003112815447130046,-0.0025897887629371397
2022-08-17,0.008784626657611705,-0.017666273336734317,-0.0026362083672751835
2022-08-18,-0.002291678163737876,0.005185988238997297,-0.003947485687208152
2022-08-19,-0.015101965367679382,-0.024631641732013487,-0.01385419879002936
2022-08-22,-0.02302927962950796,-0.0253392283115923,-0.02935496158137285
2022-08-23,-0.0020290335415207306,-0.003326373164836305,-0.004716579904458729
2022-08-24,0.0017938767060643457,-0.0014929125367623142,-0.0023513695952747105
2022-08-25,0.01492272694886343,0.02603563749505078,0.011095397111627658
2022-08-26,-0.037699332340496605,-0.054093443311792666,-0.038587082206790746
2022-08-29,-0.013690156358761585,-0.008337901892839117,-0.010668034506487678
2022-08-30,-0.015305446891111019,-0.004386682711142842,-0.008520927508423704
2022-08-31,-0.01063489447226007,-0.006609086089535143,-0.005704074384562441
2022-09-01,0.004706596916430605,0.01404535769335391,-0.004092203588961341
2022-09-02,-0.013610915043344662,-0.017222571496430472,-0.016666663674328785
2022-09-06,-0.008215270125655372,-0.009643004276397305,-0.010974049188191892
2022-09-07,0.009254072970778848,0.024716816383560714,0.019111732957075134
2022-09-08,-0.009617826880504055,-0.009776103356523569,0.001665890048358376
2022-09-09,0.018839659784197327,0.020944772139124934,0.022977199065436382
2022-09-12,0.038507931975899634,0.0018978658050778918,0.00828079511284363
2022-09-13,-0.058679569199900805,-0.05899331895124038,-0.05497828454193221
2022-09-14,0.00955548703294462,0.006518414769733694,0.0009125714948683417
2022-09-15,-0.018929888747853396,-0.0199047606879571,-0.0271190589879865
2022-09-16,-0.010960156288370437,-0.0010688715609546984,-0.002608166972478121
2022-09-19,0.025082910997849872,0.0026263807794266736,-0.0008990431643873809
2022-09-20,0.01566539076048823,-0.01872511818062339,-0.008465582837354546
2022-09-21,-0.02026758490174463,-0.01839035819337098,-0.014435906169405932
2022-09-22,-0.006375229885265621,0.008662402873620412,0.008495370098624333
2022-09-23,-0.015123802782882612,-0.013980453025837059,-0.012698019342569422
2022-09-26,0.002260221954001551,-0.005772771610472516,-0.001975391513388436
2022-09-27,0.006566320617635624,-0.0068248661264246335,-0.004379888570279267
2022-09-28,-0.012651663468889685,0.02615398477455888,0.01971159569765346
2022-09-29,-0.049119108151564506,-0.02628699835580317,-0.014809123136641622
2022-09-30,-0.03003929913113046,-0.01816871147589172,-0.01936843925969045
2022-10-03,0.03075266909229879,0.03125984030465356,0.03366251753210814
2022-10-04,0.025622860162185734,0.03041354664305773,0.03381251699271104
2022-10-05,0.0020534259024178603,-0.002066029060920238,0.0012856502286235916
2022-10-06,-0.006625871707104269,-9.862920520353757e-05,-0.009670957316898932
2022-10-07,-0.03671848495277308,-0.027016334758621863,-0.05085275235892661
2022-10-10,0.00235563863269439,-0.008309716062949613,-0.02130311733091006
2022-10-11,-0.010255093439785923,-0.006948790952988504,-0.016750337003951565
2022-10-12,-0.004604723073022399,0.003910240997689662,0.0015083547518739415
2022-10-13,0.03361294759358979,0.015375273306849069,0.03760824044256483
2022-10-14,-0.03224033783058278,-0.025237242664026827,-0.02424888616380161
2022-10-17,0.02912279972540155,0.03531492428881311,0.03924579679049156
2022-10-18,0.009409436144981242,0.008002272232152885,0.004083698397980173
2022-10-19,0.0007653999634293918,-0.011312807534386127,-0.008469645709793139
2022-10-20,-0.0032671210556590724,0.0034126701756955757,-0.0013954382776726337
2022-10-21,0.027058973984609214,0.011603398256917696,0.025280617667382543
2022-10-24,0.01480279079006519,0.013744671109682693,0.021187855348034468
2022-10-25,0.01933755587124053,0.019118240965403155,0.01379159290877996
2022-10-26,-0.019627180996650395,-0.09140500990443934,-0.07715619895269599
2022-10-27,-0.030465304722928188,-0.028547350373211544,-0.019756336495447502
2022-10-28,0.07555240197287572,0.044133531438960816,0.04022064744758613
2022-10-31,-0.015410185236939267,-0.018485821443896766,-0.01585617413804008
2022-11-01,-0.017542709793423428,-0.04274677759291512,-0.017059457957082524
2022-11-02,-0.03730498774447666,-0.03868684247073362,-0.03536839068413
2022-11-03,-0.042405099592894846,-0.04070368049902107,-0.026578778313084306
2022-11-04,-0.0019473107216984031,0.03775617792573116,0.033325450969527104
2022-11-07,0.0039023318281603547,0.02206040489570893,0.02926971975304493
2022-11-08,0.004175063777671628,0.004633394817389558,0.004388468056845118
2022-11-09,-0.03319004775485146,-0.017772832759772705,-0.01905015529281473
2022-11-10,0.08897465702030805,0.07581319505970985,0.08226800479843832
2022-11-11,0.019268714779299145,0.026293346255038097,0.01699723491001781
2022-11-14,-0.009485582617660304,-0.0073645150281588245,-0.022500040834862567
2022-11-15,0.01186926074251593,0.02863126791106363,0.0017387993220030484
2022-11-16,-0.00833106481621515,0.004164987843163326,0.0018235652626596988
2022-11-17,0.012971328644340474,-0.004957030025549813,-0.00020694255964992525
2022-11-18,0.003781931264446481,-0.0094549890428558,-0.001903249664251594
2022-11-21,-0.02168036970974141,-0.018782836445761952,0.0034408087037534063
2022-11-22,0.014661317618392067,0.015167518519171974,0.01231147474465244
2022-11-23,0.005926255902795274,0.014528501236807712,0.010407048318900713
2022-11-25,-0.01959366628335868,-0.010156460519950894,-0.00036361963289921473
2022-11-28,-0.02626426579910157,-0.014467384025193986,-0.023152529026999824
2022-11-29,-0.021148197934040436,-0.008953624320337417,-0.00591490502327896
2022-11-30,0.048593694917567154,0.06093073755184064,0.06162366362339822
2022-12-01,0.001891490451513489,0.0,-0.001763861147417889
2022-12-02,-0.0033711732525972815,-0.005446115061069623,0.0012958081640124242
2022-12-05,-0.007983152074645172,-0.00955799054374784,-0.018900458293198308
2022-12-06,-0.025370198307249847,-0.025130692764121165,-0.020303755087864195
2022-12-07,-0.013784463859986884,-0.021035297231125183,-0.0030598768137111154
2022-12-08,0.012132541466029378,-0.012955515341269375,0.012399299964642063
2022-12-09,-0.003434812258325759,-0.00939054816413809,-0.008003191980250124
2022-12-12,0.016389887855176033,0.005170560022197401,0.02888917819662118
2022-12-13,0.006782463645227832,0.02486343190630591,0.01746469875780976
2022-12-14,-0.015535842189315474,-0.00585581750819697,0.0011677000555088135
2022-12-15,-0.04685433349203194,-0.04428319804569103,-0.031918152244915454
2022-12-16,-0.014578674200890984,-0.0066035656841708645,-0.017348705504496187
2022-12-19,-0.015909696783231397,-0.020163972840092748,-0.01732811008900692
2022-12-20,-0.0005286115521390133,0.006558115381744889,0.0056144787901561966
2022-12-21,0.023809551589461853,0.006290629132665648,0.010876667666053219
2022-12-22,-0.023772659703415244,-0.02031695354634666,-0.025528678923051995
2022-12-23,-0.0027981980865088296,0.016750223136567266,0.002267008698105366
2022-12-27,-0.013878182311770737,-0.020620872764855025,-0.007414207258133798
2022-12-28,-0.030685425156101176,-0.01567683168594758,-0.010254854114244871
2022-12-29,0.028324401752261252,0.028249114218611426,0.027629637399399387
2022-12-30,0.0024688870214433223,-0.0024872262928714584,-0.004937548633967448
